[{"type":"1", "text":"健康管理中心", "alignment":"0","chineseSize":"0","charSize":"0","textSize":"3","bold":"1","leftMargin":"10","barWidth":"2","barHeight":"1","barHriSize":"2","barHriSeat":"2","barCodeType":"0","barString":"","QRLeft":"0","QRString":"","QRMSide":"1","QRRound":"0",},{"type":"1", "text":"您是第", "alignment":"0","chineseSize":"0","charSize":"0","textSize":"1","bold":"0","leftMargin":"10","barWidth":"2","barHeight":"1","barHriSize":"2","barHriSeat":"2","barCodeType":"0","barString":"","QRLeft":"0","QRString":"","QRMSide":"1","QRRound":"0",},{"type":"1", "text":"1", "alignment":"0","chineseSize":"0","charSize":"0","textSize":"3","bold":"1","leftMargin":"10","barWidth":"2","barHeight":"1","barHriSize":"2","barHriSeat":"2","barCodeType":"0","barString":"","QRLeft":"0","QRString":"","QRMSide":"1","QRRound":"0",},{"type":"1", "text":"所属业务：内科门诊", "alignment":"0","chineseSize":"0","charSize":"0","textSize":"1","bold":"0","leftMargin":"10","barWidth":"2","barHeight":"1","barHriSize":"2","barHriSeat":"2","barCodeType":"0","barString":"","QRLeft":"0","QRString":"","QRMSide":"1","QRRound":"0",},{"type":"1", "text":"等候人数：23", "alignment":"0","chineseSize":"0","charSize":"0","textSize":"1","bold":"0","leftMargin":"10","barWidth":"2","barHeight":"1","barHriSize":"2","barHriSeat":"2","barCodeType":"0","barString":"","QRLeft":"0","QRString":"","QRMSide":"1","QRRound":"0",},{"type":"1", "text":"过号请重新取号", "alignment":"0","chineseSize":"0","charSize":"0","textSize":"1","bold":"0","leftMargin":"10","barWidth":"2","barHeight":"1","barHriSize":"2","barHriSeat":"2","barCodeType":"0","barString":"","QRLeft":"0","QRString":"","QRMSide":"1","QRRound":"0",},{"type":"1", "text":"谢谢您的合作", "alignment":"0","chineseSize":"0","charSize":"0","textSize":"1","bold":"0","leftMargin":"10","barWidth":"2","barHeight":"1","barHriSize":"2","barHriSeat":"2","barCodeType":"0","barString":"","QRLeft":"0","QRString":"","QRMSide":"1","QRRound":"0",}]
